Aruba	ABW	"Listed domestic companies, total"	CM.MKT.LDOM.NO		1																																																							
Afghanistan	AFG	"Listed domestic companies, total"	CM.MKT.LDOM.NO		2																																																							
Angola	AGO	"Listed domestic companies, total"	CM.MKT.LDOM.NO		3																																																							
Albania	ALB	"Listed domestic companies, total"	CM.MKT.LDOM.NO		4																																																							
Andorra	AND	"Listed domestic companies, total"	CM.MKT.LDOM.NO		5																																																							
Arab World	ARB	"Listed domestic companies, total"	CM.MKT.LDOM.NO		6																																										1506	1598	1637	1539		1249	1207	1133	1338	1333	1355	1184	1188	1187
United Arab Emirates	ARE	"Listed domestic companies, total"	CM.MKT.LDOM.NO		7																																										28	32	55	55	60	103	104	104	108	107	117	120	125	125
Argentina	ARG	"Listed domestic companies, total"	CM.MKT.LDOM.NO		8														321	308	302	295	295	277	262	247	237	235	226	216	205	193	183	178	169	170	165	156	149	147	136	131	125	122	116	110	106	103	100	101	106	107	101	101	99	101	97	95	93	93
Armenia	ARM	"Listed domestic companies, total"	CM.MKT.LDOM.NO		9																																																							
American Samoa	ASM	"Listed domestic companies, total"	CM.MKT.LDOM.NO		10																																																							
Antigua and Barbuda	ATG	"Listed domestic companies, total"	CM.MKT.LDOM.NO		11																																																							
Australia	AUS	"Listed domestic companies, total"	CM.MKT.LDOM.NO		12														1319	1229	1185	1116	1011	1007	982	931	930	1009	1028	1162	1427	1393	1258	1089	968	1038	1070	1144	1129	1135	1159	1162	1217	1333	1334	1355	1405	1514	1643	1751	1913	1924	1882	1913	1983	1959	1955	1967	1989	1969
Austria	AUT	"Listed domestic companies, total"	CM.MKT.LDOM.NO		13														76	74	71	68	67	66	63	62	62	63	64	74	75	80	87	99	103	112	111	111	109	106	101	96	97	97	99	109	104	100	92	96	102	101	97	89	88	84	82	82	79	71
Azerbaijan	AZE	"Listed domestic companies, total"	CM.MKT.LDOM.NO		14																																				1	2	2																	
Burundi	BDI	"Listed domestic companies, total"	CM.MKT.LDOM.NO		15																																																							
Belgium	BEL	"Listed domestic companies, total"	CM.MKT.LDOM.NO		16														290	277	253	239	231	225	218	212	204	197	192	191	192	186	190	182	183	171	165	162	150	143	138	156	278	265	275	256	250	235	222	205	175	171	165	161	151	147	117	113	117	116
Benin	BEN	"Listed domestic companies, total"	CM.MKT.LDOM.NO		17																																																							
Burkina Faso	BFA	"Listed domestic companies, total"	CM.MKT.LDOM.NO		18																																																							
Bangladesh	BGD	"Listed domestic companies, total"	CM.MKT.LDOM.NO		19																																143	157	231	302	341	355	348	364	163			185	195	199	211	221	197	192	433	453	481	274	543	557
Bulgaria	BGR	"Listed domestic companies, total"	CM.MKT.LDOM.NO		20																																8	13	15	9		18	28	23	404	351	326	332	331	347	369	404	398	390	393	387	381			
Bahrain	BHR	"Listed domestic companies, total"	CM.MKT.LDOM.NO		21																																		35	35	38	38	37	36	36	11	38	38	40	43	44	45	44	44	44	43	43	44	44	43
"Bahamas, The"	BHS	"Listed domestic companies, total"	CM.MKT.LDOM.NO		22																																																							
Bosnia and Herzegovina	BIH	"Listed domestic companies, total"	CM.MKT.LDOM.NO		23																																																							
Belarus	BLR	"Listed domestic companies, total"	CM.MKT.LDOM.NO		24																																																					67	62	55
Belize	BLZ	"Listed domestic companies, total"	CM.MKT.LDOM.NO		25																																																							
Bermuda	BMU	"Listed domestic companies, total"	CM.MKT.LDOM.NO		26																																		28	27	26	25	22	22	22	22	22	21	19	16	16	16	16	14	13	13	13	14	14	13
Bolivia	BOL	"Listed domestic companies, total"	CM.MKT.LDOM.NO		27																																																							
Brazil	BRA	"Listed domestic companies, total"	CM.MKT.LDOM.NO		28														202	202	200	201	404	426	477	478	505	522	541	592	590	589	592	579	570	565	550	548	543	550	544	527	478	457	426	396	367	357	342	347	395	383	377	373	366	353	352	351	345	338
Barbados	BRB	"Listed domestic companies, total"	CM.MKT.LDOM.NO		29																																16	19	18	19	18	18	18	22	20									21	20	19	17	22	20	19
Brunei Darussalam	BRN	"Listed domestic companies, total"	CM.MKT.LDOM.NO		30																																																							
Bhutan	BTN	"Listed domestic companies, total"	CM.MKT.LDOM.NO		31																																																							
Botswana	BWA	"Listed domestic companies, total"	CM.MKT.LDOM.NO		32																																9	10	12	12	12	14	15	16																
Central African Republic	CAF	"Listed domestic companies, total"	CM.MKT.LDOM.NO		33																																																							
Canada	CAN	"Listed domestic companies, total"	CM.MKT.LDOM.NO		34														1488	1381	1304	1188	1134	1124	1167	1146	1208	1303	1383	1656	1861	1856	1813	1763	1649	1605	1673	1747	1736	1801	1937	1991	1538	1507	1278	1252	3578	3597	3719	3790	3881	3836	3727	3771	3980	4030	3810	3948	3799	3368
Central Europe and the Baltics	CEB	"Listed domestic companies, total"	CM.MKT.LDOM.NO		35																																88	204	595	792	1130	789	849	827	1144	1040	1073	992	991	1178	1433	1522	1448	1499	1740	1717	1710	1258	1246	1186
Switzerland	CHE	"Listed domestic companies, total"	CM.MKT.LDOM.NO		36														104	106	116	116	117	118	121	119	120	121	131	145	153	161	177	182	182	180	215	216	216	213	216	232	239	252	263	258	289	282	284	256	257	253	257	246	246	238	236	240	234	227
Channel Islands	CHI	"Listed domestic companies, total"	CM.MKT.LDOM.NO		37																																					1	1	1	3	2	2	1		11	1									
Chile	CHL	"Listed domestic companies, total"	CM.MKT.LDOM.NO		38																							208	215	215	211	203	213	216	223	244	263	281	282	290	294	287	282	260	249	245	239	239	245	244	238	235	232	227	229	225	227	230	223	214
China	CHN	"Listed domestic companies, total"	CM.MKT.LDOM.NO		39																																122	203	323	524	799	909	947	1086	1154	1223	1285	1373	1377	1421	1530	1604	1700	2063	2342	2494	2489	2613	2827	3052
Cote d'Ivoire	CIV	"Listed domestic companies, total"	CM.MKT.LDOM.NO		40																																30	30	31	31		35	38	41	38	38	39	39	39	40	38	38	38	39	39	37	37	38	39	43
Cameroon	CMR	"Listed domestic companies, total"	CM.MKT.LDOM.NO		41																																																							
"Congo, Dem. Rep."	COD	"Listed domestic companies, total"	CM.MKT.LDOM.NO		42																																																							
"Congo, Rep."	COG	"Listed domestic companies, total"	CM.MKT.LDOM.NO		43																																																							
Colombia	COL	"Listed domestic companies, total"	CM.MKT.LDOM.NO		44																													80	83	83	89	113	117	126	128	118	85	73	120	110	110	106	98	94	90	89	87	84	79	76	72	70	69	68
Comoros	COM	"Listed domestic companies, total"	CM.MKT.LDOM.NO		45																																																							
Cabo Verde	CPV	"Listed domestic companies, total"	CM.MKT.LDOM.NO		46																																																							
Costa Rica	CRI	"Listed domestic companies, total"	CM.MKT.LDOM.NO		47																																109	115	114	110	106	97	83				23	23	19	18	12	11	9	9	9	9	9	9	10	10
Caribbean small states	CSS	"Listed domestic companies, total"	CM.MKT.LDOM.NO		48																																																							
Cuba	CUB	"Listed domestic companies, total"	CM.MKT.LDOM.NO		49																																																							
Curacao	CUW	"Listed domestic companies, total"	CM.MKT.LDOM.NO		50																																																							
Cayman Islands	CYM	"Listed domestic companies, total"	CM.MKT.LDOM.NO		51																																				1	2	1	1	1	1	1	1	1	1	2	2	2	2	5	3			6	
Cyprus	CYP	"Listed domestic companies, total"	CM.MKT.LDOM.NO		52																																36	35	37	39	40	45	48	93	120	130	133	124	119	141	124	119	115	110	106	101	95	94	84	81
Czech Republic	CZE	"Listed domestic companies, total"	CM.MKT.LDOM.NO		53																																3	28	54	82	91	92	74	57	47	44	37	33	23	15	13	19	16	16	15	17	15	13	15	
Germany	DEU	"Listed domestic companies, total"	CM.MKT.LDOM.NO		54														471	469	465	459	458	459	456	450	442	449	472	492	574	609	408	413	665	665	664	666	678	681	700	741	617	744	749	715	684	660	648	656	761	742	704	690	670	665	639	595	555	531
Djibouti	DJI	"Listed domestic companies, total"	CM.MKT.LDOM.NO		55																																																							
Dominica	DMA	"Listed domestic companies, total"	CM.MKT.LDOM.NO		56																																																							
Denmark	DNK	"Listed domestic companies, total"	CM.MKT.LDOM.NO		57														248	247	245	231	224	218	210	206	206	231	243	274	269	260	272	273	260	257	206	242	242	237	237	242	233	225	208	193	188	178												
Dominican Republic	DOM	"Listed domestic companies, total"	CM.MKT.LDOM.NO		58																																																							
Algeria	DZA	"Listed domestic companies, total"	CM.MKT.LDOM.NO		59																																																							
East Asia & Pacific (excluding high income)	EAP	"Listed domestic companies, total"	CM.MKT.LDOM.NO		60																																1226	2773	1704	2061	2432	2563	2590	2776	2894	3049	3177	3364	3476	3551	3670	3914	4030	4500	4816	4983	5022	5198	5454	5726
Early-demographic dividend	EAR	"Listed domestic companies, total"	CM.MKT.LDOM.NO		61																														4596	4893	6858	8267	9599	10448	11114	11260	11502	11434	10978	9880	9626	9413	9422	9283	9384	9422	9364	9402	9662	9620	9706	9729	9854	9844
East Asia & Pacific	EAS	"Listed domestic companies, total"	CM.MKT.LDOM.NO		62														2853	2764	2722	2635	2992	3356	3218	3202	3248	3605	4013	4197	4667	4804	4931	4906	5042	5323	5724	7653	6518	7063	7628	7772	7945	9175	9625	10495	11074	11667	12095	12378	12828	13111	13207	13784	14323	14479	15798	16242	16824	17325
Europe & Central Asia (excluding high income)	ECA	"Listed domestic companies, total"	CM.MKT.LDOM.NO		63																									80							224	306	623	548	488	553		537	865	972	1533	1696	2051	2240	2847	2967	2432	2772	2791	2146	1222	1061	1209	1127
Europe & Central Asia	ECS	"Listed domestic companies, total"	CM.MKT.LDOM.NO		64														6245	6004	5787	6143	5938	6057	5770	5568	5441	5514	5455	5685	5891	5626	5622	5697	6760	6446	6579	5844	7689	7929	8340	8845	9407	10123	11371	11202	11419	8316	8494	12318	12876	12828	11816	11939	11947	11031	9933	9857	7993	7660
Ecuador	ECU	"Listed domestic companies, total"	CM.MKT.LDOM.NO		65																																		37	42	41	36	36	26																
"Egypt, Arab Rep."	EGY	"Listed domestic companies, total"	CM.MKT.LDOM.NO		66																																				654	869	1032	1075	1109	1150	977	795	744	595	435	373	312	227	231	234	235	246	250	251
Euro area	EMU	"Listed domestic companies, total"	CM.MKT.LDOM.NO		67														2972	2985	2477	2907	2779	2842	2797	2714	2640	2692	2645	2782	3037	2863	2885	2947	3917	3691	3622	2853	4091	4285	4596	4543	5239	5803	6739	6569	6627	3195	2924	6409	6587	6512	6250	6008	5926	5694	5534	5616	5470	5254
Eritrea	ERI	"Listed domestic companies, total"	CM.MKT.LDOM.NO		68																																																							
Spain	ESP	"Listed domestic companies, total"	CM.MKT.LDOM.NO		69														941	1019	519	1034	978	943	944	874	772	750	687	636	642	691	866	906	1221	1131	1075	729	1138	1130	1188	1423	1488	1720	2959	2986	3191			3339	3498	3538	3435	3310	3241	3167	3213	3419	3623	3480
Estonia	EST	"Listed domestic companies, total"	CM.MKT.LDOM.NO		70																																					25	23	20	17	14	14													
Ethiopia	ETH	"Listed domestic companies, total"	CM.MKT.LDOM.NO		71																																																							
European Union	EUU	"Listed domestic companies, total"	CM.MKT.LDOM.NO		72														6141	5898	5671	6027	5821	5822	5540	5337	5208	5253	5168	5311	5517	5258	5247	5293	6341	6006	6015	5219	6753	7069	7558	7979	8611	9283	10529	10217	9941	6703	6549	10213	10361	10240	9694	9450	9440	9160	8979	8681		
Fragile and conflict affected situations	FCS	"Listed domestic companies, total"	CM.MKT.LDOM.NO		73																																																							
Finland	FIN	"Listed domestic companies, total"	CM.MKT.LDOM.NO		74																						48	52	50	49	49	66	79	73	63	61	57	65	73	113	124	129	147	158	152	147	142	134												
Fiji	FJI	"Listed domestic companies, total"	CM.MKT.LDOM.NO		75																																																							
France	FRA	"Listed domestic companies, total"	CM.MKT.LDOM.NO		76														724	685	674	630	595	586	568	535	518	504	489	482	481	459	462	443	839	786	726	218	710	708	740	784	1144	1185	936	874	817	787	749	730	707	673	652	617	586	562	500	495	490	485
Faroe Islands	FRO	"Listed domestic companies, total"	CM.MKT.LDOM.NO		77																																																							
"Micronesia, Fed. Sts."	FSM	"Listed domestic companies, total"	CM.MKT.LDOM.NO		78																																																							
Gabon	GAB	"Listed domestic companies, total"	CM.MKT.LDOM.NO		79																																																							
United Kingdom	GBR	"Listed domestic companies, total"	CM.MKT.LDOM.NO		80														2820	2568	2853	2795	2722	2659	2403	2279	2217	2171	2116	2101	2061	1993	1955	1946	2027	1918	1927	1747	1971	2041	2046	2399	2292	2428	2438	2405	2311	2486	2757	2913	2588	2415	2179	2105	1987	1879	1857	1858		
Georgia	GEO	"Listed domestic companies, total"	CM.MKT.LDOM.NO		81																																																							
Ghana	GHA	"Listed domestic companies, total"	CM.MKT.LDOM.NO		82																																15	17	19	21	21	21	22	22	22	23	25	28	27	29	29	31	31	31	29	29	29			
Gibraltar	GIB	"Listed domestic companies, total"	CM.MKT.LDOM.NO		83																																																							
Guinea	GIN	"Listed domestic companies, total"	CM.MKT.LDOM.NO		84																																																							
"Gambia, The"	GMB	"Listed domestic companies, total"	CM.MKT.LDOM.NO		85																																																							
Guinea-Bissau	GNB	"Listed domestic companies, total"	CM.MKT.LDOM.NO		86																																																							
Equatorial Guinea	GNQ	"Listed domestic companies, total"	CM.MKT.LDOM.NO		87																																																							
Greece	GRC	"Listed domestic companies, total"	CM.MKT.LDOM.NO		88																			116	111	113	113	114	114	114	116	119	119	145	159	164	135	180	186	200	210	246	262	309	313	313	339	319	302	288	289	289	285	277	269	262	248	240	236	213
Grenada	GRD	"Listed domestic companies, total"	CM.MKT.LDOM.NO		89																																																							
Greenland	GRL	"Listed domestic companies, total"	CM.MKT.LDOM.NO		90																																																							
Guatemala	GTM	"Listed domestic companies, total"	CM.MKT.LDOM.NO		91																																																							
Guam	GUM	"Listed domestic companies, total"	CM.MKT.LDOM.NO		92																																																							
Guyana	GUY	"Listed domestic companies, total"	CM.MKT.LDOM.NO		93																																																							
High income	HIC	"Listed domestic companies, total"	CM.MKT.LDOM.NO		94														13256	12829	12395	12455	12572	15559	15610	15273	16018	16794	17252	18166	19319	18944	18743	18414	19450	19412	20405	20501	22300	23507	24149	24246	24261	25709	25992	25682	27739	25069	25338	29268	29427	28902	28015	27833	28351	27991	28926	29400	27562	27036
"Hong Kong SAR, China"	HKG	"Listed domestic companies, total"	CM.MKT.LDOM.NO		95														136	134	130	130	133	137					260	248	264	282	284	284	333	386	450	502	518	561	638	665	688	779	857	968	1027	1086	1126	1165	1232	1251	1308	1396	1472	1459	1553	1661	1770	1872
Honduras	HND	"Listed domestic companies, total"	CM.MKT.LDOM.NO		96																																		93	105	107	104			41															
Heavily indebted poor countries (HIPC)	HPC	"Listed domestic companies, total"	CM.MKT.LDOM.NO		97																																																							
Croatia	HRV	"Listed domestic companies, total"	CM.MKT.LDOM.NO		98																																2	36	61	71	77	50	61	63	63	67	157	166	177	182	359	356	271	240	233	211	192	193	186	160
Haiti	HTI	"Listed domestic companies, total"	CM.MKT.LDOM.NO		99																																																							
Hungary	HUN	"Listed domestic companies, total"	CM.MKT.LDOM.NO		100																													6	20	23	28	40	42	44	47	53	64	58	55	48	50	47	44	41	39	40	42	48	52	51	50	48	45	43
IBRD only	IBD	"Listed domestic companies, total"	CM.MKT.LDOM.NO		101																																7732	10628	10968	12011	12925	13249	13487	13504	13691	13656	14082	13390	13835	13974	14821	15260	14837	15800	16360	16012	15242	15548	16191	16351
IDA & IBRD total	IBT	"Listed domestic companies, total"	CM.MKT.LDOM.NO		102																																8847	11838	12373	13521	14445	14857	14940	14730	14743	13804	14212	14555	15019	15146	16004	16457	16012	16967	17768	17343	16599	16676	17026	17191
IDA total	IDA	"Listed domestic companies, total"	CM.MKT.LDOM.NO		103																																																							
IDA blend	IDB	"Listed domestic companies, total"	CM.MKT.LDOM.NO		104																																927	1006	1029	1046	1045	1083	1028					902	911	890	905	907	909	905	887	812	810	816		
Indonesia	IDN	"Listed domestic companies, total"	CM.MKT.LDOM.NO		105																			6	8	13	23	24	24	24	24	24	57	123	139	153	172	217	237	252	281	287	276	286	315	330	333	331	336	344	383	396	398	420	440	459	483	506	521	537
IDA only	IDX	"Listed domestic companies, total"	CM.MKT.LDOM.NO		106																																																							
Isle of Man	IMN	"Listed domestic companies, total"	CM.MKT.LDOM.NO		107																																																							
India	IND	"Listed domestic companies, total"	CM.MKT.LDOM.NO		108																						1151	1295	1529	1911	2095	2240	2407	2435	2556	2781	3263	4413	5398	5999	5843	5724	5789	5853	5795	5650	5644	4725	4763	4796	4887	4921	4955	5034	5112	5191	5294	5541	5835	5820
Not classified	INX	"Listed domestic companies, total"	CM.MKT.LDOM.NO		109																																																							
Ireland	IRL	"Listed domestic companies, total"	CM.MKT.LDOM.NO		110																																		80	93	83	78	84	76	68	62	55	53	53	57	60	58	55	50	48	42	41	43	43	40
"Iran, Islamic Rep."	IRN	"Listed domestic companies, total"	CM.MKT.LDOM.NO		111														54	60	84	106													97	118	119	142	142	221	250	277	295	285	297	307	345	404	408	320	329	356	364	369	348	322	314	315	318	325
Iraq	IRQ	"Listed domestic companies, total"	CM.MKT.LDOM.NO		112																																																							
Iceland	ISL	"Listed domestic companies, total"	CM.MKT.LDOM.NO		113																																17	24	27	26	41	67	64	64	62	64	48	34												
Israel	ISR	"Listed domestic companies, total"	CM.MKT.LDOM.NO		114																		107	117	136	212	258	269	267	255	268	265	208	216	285	377	556	636	652	653	657	661	653	664	648	622	573	573	579	601	643	630	609	596	576	532	491	458	440	427
Italy	ITA	"Listed domestic companies, total"	CM.MKT.LDOM.NO		115														152	154	154	142	138	134	132	138	139	143	147	184	204	211	217	220	265	255	242	256	250	244	235	243	270	297	294	295	271	269	275	284	301	294	291	290	311	303	285	290		
Jamaica	JAM	"Listed domestic companies, total"	CM.MKT.LDOM.NO		116																																50	49	50	49	48	47	42	42	38	41								48	50	50	53	59	59	64
Jordan	JOR	"Listed domestic companies, total"	CM.MKT.LDOM.NO		117																																101	95	126	132	139	150	151	163	161	158	161	192	201	227	245	262	272	277	247	243	239	236	228	224
Japan	JPN	"Listed domestic companies, total"	CM.MKT.LDOM.NO		118														1398	1401	1407	1389	1398	1402	1412	1427	1441	1444	1476	1499	1532	1571	1597	1627	1641	1651	1667	1689	1714	1766	1805	1818	1889	2055	2103	2119	2174	2276	2323	2391	2389	2374	2320	2281	2280	2294	3408	3458	3504	3535
Kazakhstan	KAZ	"Listed domestic companies, total"	CM.MKT.LDOM.NO		119																																				11	18				50	68	75	62	67	66	72	70	61	63	74	72	68	78	85
Kenya	KEN	"Listed domestic companies, total"	CM.MKT.LDOM.NO		120																																38	40	56	57	57	57		56	57	49	47	48	48	52	55	55	55	55	58	60	61	65	64	65
Kyrgyz Republic	KGZ	"Listed domestic companies, total"	CM.MKT.LDOM.NO		121																																																							
Cambodia	KHM	"Listed domestic companies, total"	CM.MKT.LDOM.NO		122																																																							
Kiribati	KIR	"Listed domestic companies, total"	CM.MKT.LDOM.NO		123																																																							
St. Kitts and Nevis	KNA	"Listed domestic companies, total"	CM.MKT.LDOM.NO		124																																																							
"Korea, Rep."	KOR	"Listed domestic companies, total"	CM.MKT.LDOM.NO		125																		355	352	343	334	328	336	342	355	389	502	629	677	686	688	693	699	721	760	776	748	712	1242	1390	1512	1558	1570	1616	1689	1755	1789	1778	1781	1799	1767	1798	1849	1948	2039
Kuwait	KWT	"Listed domestic companies, total"	CM.MKT.LDOM.NO		126																																40	41	45	53	65	68	76	77	78	87	98	108	147	164					215	199	196			
Latin America & Caribbean (excluding high income)	LAC	"Listed domestic companies, total"	CM.MKT.LDOM.NO		127														892	920		845	1036	974	979	940	916	935	955	1043	1055	1091	1129	1345	1179	1156	1602	1639	1743	1790	1787	1659	1529	1321	1205	1105	1041	1010	980	962	1003	999	988	1033	1011	995	992	1002	954	957
Lao PDR	LAO	"Listed domestic companies, total"	CM.MKT.LDOM.NO		128																																																							
Lebanon	LBN	"Listed domestic companies, total"	CM.MKT.LDOM.NO		129																																			6	8	11	12	12	13	11	11	11	11	11	11	11	10	10	10	10	10	10	10	10
Liberia	LBR	"Listed domestic companies, total"	CM.MKT.LDOM.NO		130																																																							
Libya	LBY	"Listed domestic companies, total"	CM.MKT.LDOM.NO		131																																																							
St. Lucia	LCA	"Listed domestic companies, total"	CM.MKT.LDOM.NO		132																																																							
Latin America & Caribbean	LCN	"Listed domestic companies, total"	CM.MKT.LDOM.NO		133														892	920					979			1143	1170	1258	1266	1294	1342	1561	1402	1400	1881	1939	2061	2117	2100	1984	1847	1604	1501	1351	1281	1250	1226	1207	1243	1236	1222	1283	1265	1242	1236	1254	1203	1190
Least developed countries: UN classification	LDC	"Listed domestic companies, total"	CM.MKT.LDOM.NO		134																																																							
Low income	LIC	"Listed domestic companies, total"	CM.MKT.LDOM.NO		135																																																							
Liechtenstein	LIE	"Listed domestic companies, total"	CM.MKT.LDOM.NO		136																																																							
Sri Lanka	LKA	"Listed domestic companies, total"	CM.MKT.LDOM.NO		137																																197	211	226	235	239	240	237	239	238	238	244	242	239	237	235	235	231	241	272	287	289	294	294	295
Lower middle income	LMC	"Listed domestic companies, total"	CM.MKT.LDOM.NO		138																																5028	6350	7604	8361	8918	9127	9221	9194	9026	8041	7851	7813	7835	7758	7774	7953	7943	8052	8432	8480	8646	8887	8891	8871
Low & middle income	LMY	"Listed domestic companies, total"	CM.MKT.LDOM.NO		139																																8562	11513	12008	13130	14008	14354	14444	14270	14263	13385	13811	14132	14568	14681	15448	15826	15348	16209	16827	16321	15550	15620	15977	16156
Lesotho	LSO	"Listed domestic companies, total"	CM.MKT.LDOM.NO		140																																																							
Late-demographic dividend	LTE	"Listed domestic companies, total"	CM.MKT.LDOM.NO		141																																2485	4124	3450	3797	4147	4431	4317	4434	4524	4548	5155	5635	6115	6608	6944	7378	7043	7962	8762	8294	7453	7360	7595	7831
Lithuania	LTU	"Listed domestic companies, total"	CM.MKT.LDOM.NO		142																																	13	304	410	558	60	52	53	45	46	45													
Luxembourg	LUX	"Listed domestic companies, total"	CM.MKT.LDOM.NO		143														76	73	73	68	69	74	80	88	102	134	175	253	347	52	54	54	62	59	56	67	55	54	56	53	50	54	49	47	44	42	39	36	34	33	30	29	27	25	24	25	27	28
Latvia	LVA	"Listed domestic companies, total"	CM.MKT.LDOM.NO		144																																		17	34	50	67	66	63	63	62	56													
"Macao SAR, China"	MAC	"Listed domestic companies, total"	CM.MKT.LDOM.NO		145																																																							
St. Martin (French part)	MAF	"Listed domestic companies, total"	CM.MKT.LDOM.NO		146																																																							
Morocco	MAR	"Listed domestic companies, total"	CM.MKT.LDOM.NO		147																																60	56	44	47	49	53	54	53	55	55	52	53	54	63	73	77	76	73	75	76	75	74	74	74
Monaco	MCO	"Listed domestic companies, total"	CM.MKT.LDOM.NO		148																																																							
Moldova	MDA	"Listed domestic companies, total"	CM.MKT.LDOM.NO		149																																																							
Madagascar	MDG	"Listed domestic companies, total"	CM.MKT.LDOM.NO		150																																																							
Maldives	MDV	"Listed domestic companies, total"	CM.MKT.LDOM.NO		151																																																							
Middle East & North Africa	MEA	"Listed domestic companies, total"	CM.MKT.LDOM.NO		152																																									2556	2438	2588	2638	2475	2172	2254	2200	2119	2283	2209	2183	1981	1969	1962
Mexico	MEX	"Listed domestic companies, total"	CM.MKT.LDOM.NO		153														369	410		349	337	271	240	215	174	178	188	235	260	309	354	390	207	199	190	206	185	193	194	194	186	175	167	163	158	151	150	132	125	125	125	130	128	131	138	141	136	137
Marshall Islands	MHL	"Listed domestic companies, total"	CM.MKT.LDOM.NO		154																																																							
Middle income	MIC	"Listed domestic companies, total"	CM.MKT.LDOM.NO		155																																8500	11448	11943	13067	13944	14287	14372	14266	14259	13385	13811	14132	14568	14681	15448	15826	15348	16209	16827	16321	15550	15620	15977	16156
"Macedonia, FYR"	MKD	"Listed domestic companies, total"	CM.MKT.LDOM.NO		156																																																							
Mali	MLI	"Listed domestic companies, total"	CM.MKT.LDOM.NO		157																																																							
Malta	MLT	"Listed domestic companies, total"	CM.MKT.LDOM.NO		158																																2	4	5	5	6	7	7	10	12	13	14	13	14	15	16	19	20	21	21	22	23	24	23	23
Myanmar	MMR	"Listed domestic companies, total"	CM.MKT.LDOM.NO		159																																																							
Middle East & North Africa (excluding high income)	MNA	"Listed domestic companies, total"	CM.MKT.LDOM.NO		160																																				1132	1396	1612	1657	1705	1755	1617	1526					1124	1051	1013	991	992	1006	1007	1011
Montenegro	MNE	"Listed domestic companies, total"	CM.MKT.LDOM.NO		161																																														331	420		361	146	112				
Mongolia	MNG	"Listed domestic companies, total"	CM.MKT.LDOM.NO		162																																																							
Northern Mariana Islands	MNP	"Listed domestic companies, total"	CM.MKT.LDOM.NO		163																																																							
Mozambique	MOZ	"Listed domestic companies, total"	CM.MKT.LDOM.NO		164																																																							
Mauritania	MRT	"Listed domestic companies, total"	CM.MKT.LDOM.NO		165																																																							
Mauritius	MUS	"Listed domestic companies, total"	CM.MKT.LDOM.NO		166																																23	26	28	30	30	30	31	31	31	30	28	29	30	62	67	65	64	62	63	60	63	66	71	75
Malawi	MWI	"Listed domestic companies, total"	CM.MKT.LDOM.NO		167																																																							
Malaysia	MYS	"Listed domestic companies, total"	CM.MKT.LDOM.NO		168																			181	187	194	204	218	222	226	232	238	249	268	318	363	407	475	523	615	700	728	749	787	804	857	897	955	1015	1021	983	972	952	948	932	911	900	895	892	893
North America	NAC	"Listed domestic companies, total"	CM.MKT.LDOM.NO		169														4158	4061	3886	3677	3535	6288	6757	6576	7383	7533	7643	8236	8862	8651	8440	8192	8162	8167	8585	9002	9251	9918	9868	9515	8789	8446	7477	6959	8895	8844	8883	8939	9006	8518	8144	8064	8164	8145	8003	8331	8194	7712
Namibia	NAM	"Listed domestic companies, total"	CM.MKT.LDOM.NO		170																																4	8	10	12	13	15	14	12	13	12	11	9	9	9	7	7	7	7	6	7	8	8	8	8
New Caledonia	NCL	"Listed domestic companies, total"	CM.MKT.LDOM.NO		171																																																							
Niger	NER	"Listed domestic companies, total"	CM.MKT.LDOM.NO		172																																																							
Nigeria	NGA	"Listed domestic companies, total"	CM.MKT.LDOM.NO		173																																174	177	181	183	182	186	194					206	215	201	211	212	214	215	196	189	188	188	183	169
Nicaragua	NIC	"Listed domestic companies, total"	CM.MKT.LDOM.NO		174																																																							
Netherlands	NLD	"Listed domestic companies, total"	CM.MKT.LDOM.NO		175														242	234	231	229	219	214	202	216	215	263	232	267	226	232	251	260	204	187	239	234	184	185	198	214	387	392	329	294	268	256	237	224	221	211	164	150	144	135	99	98	100	103
Norway	NOR	"Listed domestic companies, total"	CM.MKT.LDOM.NO		176																			117	109	112	113	140	156	149	139	128	122	112	103	115	120	132	151	158	196	214	195	191	188	180	160	166	191	195	208	209	190	195	194	184	173	173	171	171
Nepal	NPL	"Listed domestic companies, total"	CM.MKT.LDOM.NO		177																																																							
Nauru	NRU	"Listed domestic companies, total"	CM.MKT.LDOM.NO		178																																																							
New Zealand	NZL	"Listed domestic companies, total"	CM.MKT.LDOM.NO		179																							237	317	339	289	235	247	171	139	123	132	144	135	132	120	122	113	131	145	149	166	158	153	151	152	147	143	137	144	141	143	154	171	173
OECD members	OED	"Listed domestic companies, total"	CM.MKT.LDOM.NO		180														13489	13105	12265	12674	12681	15494	15640	15263	15955	16728	16931	17981	19129	18755	18568	18275	19071	18933	19635	19467	20971	21980	22359	22930	22896	24038	24139	23442	25096	22052	22154	26067	26368	25718	24734	24435	24603	24207	25001	25502	23683	23025
Oman	OMN	"Listed domestic companies, total"	CM.MKT.LDOM.NO		181																																90	100	114	133	154	131	134	208	208			225	235	215	120	122	120	114	114	115	116	117	116	113
Other small states	OSS	"Listed domestic companies, total"	CM.MKT.LDOM.NO		182																																					247														387	275	281	276	
Pakistan	PAK	"Listed domestic companies, total"	CM.MKT.LDOM.NO		183																																653	724	727	743	742	773	765	723	709			639	639	628	630	629	629	625	621	555	550	557		
Panama	PAN	"Listed domestic companies, total"	CM.MKT.LDOM.NO		184																																57	77	97	18	21	27	140	151	30	30	28	26	27	26	28	21	32	34	37	20	20	29	30	30
Peru	PER	"Listed domestic companies, total"	CM.MKT.LDOM.NO		185																																235	220	242	236	245	246	229	209	204	198	195	192	193	189	188	201	195	199	202	214	212	211	212	217
Philippines	PHL	"Listed domestic companies, total"	CM.MKT.LDOM.NO		186																										140	142	144	153	161	169	178	189	205	216	221	221	226	228	230	233	234	233	235	238	242	244	246	251	251	252	254	260	262	262
Palau	PLW	"Listed domestic companies, total"	CM.MKT.LDOM.NO		187																																																							
Papua New Guinea	PNG	"Listed domestic companies, total"	CM.MKT.LDOM.NO		188																																							8	9	8	9	9	9	9	9	11	11	10	12	8	11	6	6	6
Poland	POL	"Listed domestic companies, total"	CM.MKT.LDOM.NO		189																															9	22	44	65	83	143	198	221	225	230	202	188	211	234	253	352	432	470	570	757	844	869	872	872	861
Pre-demographic dividend	PRE	"Listed domestic companies, total"	CM.MKT.LDOM.NO		190																																																							
Puerto Rico	PRI	"Listed domestic companies, total"	CM.MKT.LDOM.NO		191																																																							
"Korea, Dem. People’s Rep."	PRK	"Listed domestic companies, total"	CM.MKT.LDOM.NO		192																																																							
Portugal	PRT	"Listed domestic companies, total"	CM.MKT.LDOM.NO		193																37	38	24	25	23	26	25	23	23	40	131	158	152	152	153	100	89	83	78	81	81	76	81	111	99	60	57	55	51	51	52	55	54	52	51	49	46	47	47	45
Paraguay	PRY	"Listed domestic companies, total"	CM.MKT.LDOM.NO		194																																		30	60	59	59	55																	
West Bank and Gaza	PSE	"Listed domestic companies, total"	CM.MKT.LDOM.NO		195																																						24	25	25	28	26	27	28	32	34	36	38	39	45	47	48	48	49	48
Pacific island small states	PSS	"Listed domestic companies, total"	CM.MKT.LDOM.NO		196																																																							
Post-demographic dividend	PST	"Listed domestic companies, total"	CM.MKT.LDOM.NO		197														13256	12829	12395	12455	12465	15340	15367	14948	15641	16194	16643	17566	18699	18313	18137	17777	18721	18526	19097	18987	20614	21707	22220	22156	22151	23447	24035	23475	25556	22663	22841	26504	26979	26348	25344	25038	25056	24692	25578	26155	24279	23695
French Polynesia	PYF	"Listed domestic companies, total"	CM.MKT.LDOM.NO		198																																																							
Qatar	QAT	"Listed domestic companies, total"	CM.MKT.LDOM.NO		199																																															43	44	43	42	42	42	43	43	44
Romania	ROU	"Listed domestic companies, total"	CM.MKT.LDOM.NO		200																																				76	126	122	109	60	60	57	55	59	53	54	62	68	73	77	77	81	81	82	84
Russian Federation	RUS	"Listed domestic companies, total"	CM.MKT.LDOM.NO		201																																52	79	340	240	43	41		21	21	57	266	412	414	539	592	561	550	556	817	292	261	254	251	242
Rwanda	RWA	"Listed domestic companies, total"	CM.MKT.LDOM.NO		202																																																							
South Asia	SAS	"Listed domestic companies, total"	CM.MKT.LDOM.NO		203																						1151	1295	1529	1911	2095	2240	2407	2435	2556	2781	4256	5505	6582	7279	7165	7092	7139	7179	6905	5888	5888	5791	5836	5860	5963	6006	6012	6092	6438	6486	6614	6666	6672	6672
Saudi Arabia	SAU	"Listed domestic companies, total"	CM.MKT.LDOM.NO		204																																									68	70	73	77	86	111	127	135	146	150	158	163	169	171	176
Sudan	SDN	"Listed domestic companies, total"	CM.MKT.LDOM.NO		205																																																							
Senegal	SEN	"Listed domestic companies, total"	CM.MKT.LDOM.NO		206																																																							
Singapore	SGP	"Listed domestic companies, total"	CM.MKT.LDOM.NO		207																		95	97	103	112	118	121	122	122	127	132	136	150	166	181	201	313	250	266	294	257	274	328	318	321	475	536	564	461	472	455	459	461	462	472	479	484	483	479
Solomon Islands	SLB	"Listed domestic companies, total"	CM.MKT.LDOM.NO		208																																																							
Sierra Leone	SLE	"Listed domestic companies, total"	CM.MKT.LDOM.NO		209																																																							
El Salvador	SLV	"Listed domestic companies, total"	CM.MKT.LDOM.NO		210																																																							
San Marino	SMR	"Listed domestic companies, total"	CM.MKT.LDOM.NO		211																																																							
Somalia	SOM	"Listed domestic companies, total"	CM.MKT.LDOM.NO		212																																																							
Serbia	SRB	"Listed domestic companies, total"	CM.MKT.LDOM.NO		213																																2	2	2		22	36	16	6	7	99	415	403	751	793	817	842	827	828	799	751				
Sub-Saharan Africa (excluding high income)	SSA	"Listed domestic companies, total"	CM.MKT.LDOM.NO		214																																	977	1020	1018		1091	1059																	
South Sudan	SSD	"Listed domestic companies, total"	CM.MKT.LDOM.NO		215																																																							
Sub-Saharan Africa	SSF	"Listed domestic companies, total"	CM.MKT.LDOM.NO		216																																	977	1020	1018		1091	1059																	
Small states	SST	"Listed domestic companies, total"	CM.MKT.LDOM.NO		217																																																							
Sao Tome and Principe	STP	"Listed domestic companies, total"	CM.MKT.LDOM.NO		218																																																							
Suriname	SUR	"Listed domestic companies, total"	CM.MKT.LDOM.NO		219																																																							
Slovak Republic	SVK	"Listed domestic companies, total"	CM.MKT.LDOM.NO		220																																9	13	15	14	10	10	8	7	9	11	9	8	7	187	160	125	107	90	147	69	67			
Slovenia	SVN	"Listed domestic companies, total"	CM.MKT.LDOM.NO		221																																16	17	22	45	78	90	130	149	151	135	134	140	116	100	87	84	76	72	66	61	55	51	46	38
Sweden	SWE	"Listed domestic companies, total"	CM.MKT.LDOM.NO		222														101	98	96	94	96	103	130	138	145	159	164	154	150	142	135	121	117	108	197	216	212	217	245	258	277	292	285	278														
Swaziland	SWZ	"Listed domestic companies, total"	CM.MKT.LDOM.NO		223																																4	4	4	5	4	6	7	6	5	5	5	6	6	6	6									
Sint Maarten (Dutch part)	SXM	"Listed domestic companies, total"	CM.MKT.LDOM.NO		224																																																							
Seychelles	SYC	"Listed domestic companies, total"	CM.MKT.LDOM.NO		225																																																				1	2	3	8
Syrian Arab Republic	SYR	"Listed domestic companies, total"	CM.MKT.LDOM.NO		226																																																							
Turks and Caicos Islands	TCA	"Listed domestic companies, total"	CM.MKT.LDOM.NO		227																																																							
Chad	TCD	"Listed domestic companies, total"	CM.MKT.LDOM.NO		228																																																							
East Asia & Pacific (IDA & IBRD countries)	TEA	"Listed domestic companies, total"	CM.MKT.LDOM.NO		229																																1226	2773	1704	2061	2432	2563	2590	2776	2894	3049	3177	3364	3476	3551	3670	3914	4030	4500	4816	4983	5022	5198	5454	5726
Europe & Central Asia (IDA & IBRD countries)	TEC	"Listed domestic companies, total"	CM.MKT.LDOM.NO		230																									80							246	350	688	631	631	751		762	1095	1174	1721	1907	2285	2493	3199	3399	2902	3342	3548	2990	2091	1933	2081	1988
Togo	TGO	"Listed domestic companies, total"	CM.MKT.LDOM.NO		231																																																							
Thailand	THA	"Listed domestic companies, total"	CM.MKT.LDOM.NO		232																			72	76	78	85	93	95	92	102	122	145	159	270	315	347	1689	416	454	431	418	392	381	382	398	419	463	504	518	523	525	535	541	545	558	584	613	639	656
Tajikistan	TJK	"Listed domestic companies, total"	CM.MKT.LDOM.NO		233																																																							
Turkmenistan	TKM	"Listed domestic companies, total"	CM.MKT.LDOM.NO		234																																																							
Latin America & the Caribbean (IDA & IBRD countries)	TLA	"Listed domestic companies, total"	CM.MKT.LDOM.NO		235														892	920		845	1036	974	979	940		1143	1170	1258	1266	1294	1342	1561	1402	1400	1865	1920	2043	2098	2081	1964	1828	1581	1480	1350	1280	1249	1225	1206	1241	1234	1220	1260	1240	1220	1219	1232	1177	1171
Timor-Leste	TLS	"Listed domestic companies, total"	CM.MKT.LDOM.NO		236																																																							
Middle East & North Africa (IDA & IBRD countries)	TMN	"Listed domestic companies, total"	CM.MKT.LDOM.NO		237																																				1132	1396	1588	1632	1680	1727	1591	1499					1086	1012	968	944	944		958	963
Tonga	TON	"Listed domestic companies, total"	CM.MKT.LDOM.NO		238																																																							
South Asia (IDA & IBRD)	TSA	"Listed domestic companies, total"	CM.MKT.LDOM.NO		239																						1151	1295	1529	1911	2095	2240	2407	2435	2556	2781	4256	5505	6582	7279	7165	7092	7139	7179	6905	5888	5888	5791	5836	5860	5963	6006	6012	6092	6438	6486	6614	6666	6672	6672
Sub-Saharan Africa (IDA & IBRD countries)	TSS	"Listed domestic companies, total"	CM.MKT.LDOM.NO		240																																	977	1020	1018		1091	1059																	
Trinidad and Tobago	TTO	"Listed domestic companies, total"	CM.MKT.LDOM.NO		241																																								26															
Tunisia	TUN	"Listed domestic companies, total"	CM.MKT.LDOM.NO		242																																	20	24	28	32	36	44	44	45	46	45	44	45	48	51	50	52	56	57	59	71	77	78	79
Turkey	TUR	"Listed domestic companies, total"	CM.MKT.LDOM.NO		243																									80	82	79	76	110	134	145	160	176	205	228	258	262	286	315	310	288	244	253	257	259	259	250	248	263	263	242	235	226	392	380
Tuvalu	TUV	"Listed domestic companies, total"	CM.MKT.LDOM.NO		244																																																							
Tanzania	TZA	"Listed domestic companies, total"	CM.MKT.LDOM.NO		245																																						3	4	4															
Uganda	UGA	"Listed domestic companies, total"	CM.MKT.LDOM.NO		246																																																							
Ukraine	UKR	"Listed domestic companies, total"	CM.MKT.LDOM.NO		247																																																					172	158	121
Upper middle income	UMC	"Listed domestic companies, total"	CM.MKT.LDOM.NO		248																																3472	5098	4339	4706	5026	5160	5151	5072	5233	5344	5960	6319	6733	6923	7674	7873	7405	8157	8395	7841	6904	6733	7086	7285
Uruguay	URY	"Listed domestic companies, total"	CM.MKT.LDOM.NO		249																																		18	18		18	17																	
United States	USA	"Listed domestic companies, total"	CM.MKT.LDOM.NO		250														2670	2680	2582	2489	2401	5164	5590	5430	6175	6230	6260	6580	7001	6795	6627	6429	6513	6562	6912	7255	7487	8090	7905	7499	7229	6917	6177	5685	5295	5226	5145	5133	5109	4666	4401	4279	4171	4102	4180	4369	4381	4331
Uzbekistan	UZB	"Listed domestic companies, total"	CM.MKT.LDOM.NO		251																																																							
St. Vincent and the Grenadines	VCT	"Listed domestic companies, total"	CM.MKT.LDOM.NO		252																																																							
"Venezuela, RB"	VEN	"Listed domestic companies, total"	CM.MKT.LDOM.NO		253																													118	150	139	157	155	86	154	158	73	70	66	63	57	54	52	51	55	59	62	62	55	41	41	39	37		
British Virgin Islands	VGB	"Listed domestic companies, total"	CM.MKT.LDOM.NO		254																																																							
Virgin Islands (U.S.)	VIR	"Listed domestic companies, total"	CM.MKT.LDOM.NO		255																																																							
Vietnam	VNM	"Listed domestic companies, total"	CM.MKT.LDOM.NO		256																																															162	188	267	294	301	301	305	307	320
Vanuatu	VUT	"Listed domestic companies, total"	CM.MKT.LDOM.NO		257																																																							
World	WLD	"Listed domestic companies, total"	CM.MKT.LDOM.NO		258														14779	14354	13528	13913	14099	17273	17335	16968	18861	19829	20539	22078	23783	23634	23686	23747	25002	25254	28967	32014	34308	36637	38157	38600	38705	39979	40255	39067	41550	39201	39906	43949	44875	44728	43363	44042	45178	44312	44476	45020	43539	43192
Samoa	WSM	"Listed domestic companies, total"	CM.MKT.LDOM.NO		259																																																							
Kosovo	XKX	"Listed domestic companies, total"	CM.MKT.LDOM.NO		260																																																							
"Yemen, Rep."	YEM	"Listed domestic companies, total"	CM.MKT.LDOM.NO		261																																																							
South Africa	ZAF	"Listed domestic companies, total"	CM.MKT.LDOM.NO		262														577	545	547	507	491	481	475	470	464	470	462	536	734	754	736	740	698	642	615	600	612	599	615	650	652	604	510	429	390	369	348	359	374	367	353	352	347	338	322	322	316	303
Zambia	ZMB	"Listed domestic companies, total"	CM.MKT.LDOM.NO		263																																		2	5	6	10	14	8	9	30	10	11	12	14					20					
Zimbabwe	ZWE	"Listed domestic companies, total"	CM.MKT.LDOM.NO		264																																62	65	65	63	64	67	69																	
